,movie_name,imdb_id,cast,direction,production_companies,movie_budget,movie_revenue
0,Guardians of the Galaxy Vol. 3,tt6791350,"{'Chris Pratt': 'Peter Quill / Star-Lord', 'Zoe Saldaña': 'Gamora', 'Dave Bautista': 'Drax the Destroyer', 'Karen Gillan': 'Nebula', 'Pom Klementieff': 'Mantis', 'Vin Diesel': 'Groot (voice)', 'Bradley Cooper': 'Rocket (voice)', 'Sean Gunn': 'Kraglin / Young Rocket (voice)', 'Chukwudi Iwuji': 'The High Evolutionary', 'Will Poulter': 'Adam Warlock', 'Maria Bakalova': 'Cosmo (voice)', 'Elizabeth Debicki': 'Ayesha', 'Sylvester Stallone': 'Stakar Ogord', 'Stephen Blackehart': 'Steemie Blueliver', 'Terence Rosemore': 'Xlomo Smeth', 'Nico Santos': 'Recorder Theel', 'Miriam Shor': 'Recorder Vim', 'Linda Cardellini': 'Lylla', 'Asim Chaudhry': 'Teefs', 'Mikaela Hoover': 'Floor', 'Judy Greer': 'War Pig (voice)', 'Tara Strong': 'Mainframe (voice)', 'Michael Rosenbaum': 'Martinex', 'Molly C. Quinn': 'Molly Ravager', 'Gerardo Davila': 'Fitz-Gibbonok', 'Dee Bradley Baker': 'Blurp (voice)', 'Jennifer Holland': 'Administrator Kwol', 'Nathan Fillion': 'Master Karja', 'Tiffany Smith': 'Orgocorp Host Friniki', 'Daniela Melchior': 'Ura', 'Renae Moneymaker': 'Violent Orgosentry', 'Darla Delgado': 'Neelie', 'Randy Havens': 'Till', 'Lloyd Kaufman': 'Gridlemop (voice)', 'Seth Green': 'Howard the Duck (voice)', 'Christopher Fairbank': 'Broker', 'Natalia Safran': 'Controller', 'Michael Rooker': 'Yondu Udonta', 'James Gunn': 'Lamb-Shank (voice)', 'Pete Davidson': 'Phlektik', 'Gregg Henry': 'Grandpa Quill'}",['James Gunn'],"['Marvel Studios', 'Kevin Feige Productions']",250000000,845430302
1,Avengers: Infinity War,tt4154756,"{'Robert Downey Jr.': 'Tony Stark / Iron Man', 'Chris Hemsworth': 'Thor Odinson', 'Mark Ruffalo': 'Bruce Banner / Hulk', 'Chris Evans': 'Steve Rogers / Captain America', 'Scarlett Johansson': 'Natasha Romanoff / Black Widow', 'Benedict Cumberbatch': 'Stephen Strange / Doctor Strange', 'Tom Holland': 'Peter Parker / Spider-Man', 'Chadwick Boseman': ""T'Challa / Black Panther"", 'Don Cheadle': ""James 'Rhodey' Rhodes / War Machine"", 'Zoe Saldaña': 'Gamora', 'Karen Gillan': 'Nebula', 'Elizabeth Olsen': 'Wanda Maximoff / Scarlet Witch', 'Paul Bettany': 'Vision', 'Anthony Mackie': 'Sam Wilson / Falcon', 'Sebastian Stan': ""James 'Bucky' Barnes / Winter Soldier"", 'Tom Hiddleston': 'Loki', 'Idris Elba': 'Heimdall', 'Danai Gurira': 'Okoye', 'Peter Dinklage': 'Eitri', 'Benedict Wong': 'Wong', 'Pom Klementieff': 'Mantis', 'Dave Bautista': 'Drax', 'Vin Diesel': 'Groot (voice)', 'Bradley Cooper': 'Rocket (voice)', 'Gwyneth Paltrow': ""Virginia 'Pepper' Potts"", 'Benicio del Toro': 'Taneleer Tivan / The Collector', 'Josh Brolin': 'Thanos', 'Chris Pratt': 'Peter Quill / Star-Lord', 'Sean Gunn': 'On-Set Rocket', 'William Hurt': ""Secretary of State Thaddeus 'Thunderbolt' Ross"", 'Letitia Wright': 'Shuri', 'Terry Notary': 'Cull Obsidian / On-Set Groot', 'Tom Vaughan-Lawlor': 'Ebony Maw', 'Carrie Coon': 'Proxima Midnight (voice)', 'Michael James Shaw': 'Corvus Glaive', 'Stan Lee': 'Bus Driver', 'Winston Duke': ""M'Baku"", 'Florence Kasumba': 'Ayo', 'Kerry Condon': 'Friday (voice)', 'Monique Ganderton': 'On-Set Proxima Midnight', 'Jacob Batalon': 'Ned Leeds', 'Tiffany Espensen': 'Cindy', 'Isabella Amara': 'Sally', 'Ethan Dizon': 'Tiny', 'Ariana Greenblatt': 'Young Gamora', 'Ross Marquand': 'Johann Schmidt / Red Skull (Stonekeeper)', 'Stephen McFeely': ""Secretary Ross' Aide"", 'Aaron Lazar': 'Doctor Strange Double', 'Robert Pralgo': 'Thanos Reader', 'Matthew Zuk': 'Street Pedestrian #2', 'Kenneth Branagh': 'Asgardian Distress Call (voice) (uncredited)', 'Samuel L. Jackson': 'Nick Fury (uncredited)', 'Cobie Smulders': 'Maria Hill (uncredited)', 'Harrison Osterfield': 'Boy on Bus (uncredited)'}","['Anthony Russo', 'Joe Russo']",['Marvel Studios'],300000000,2052415039
2,Spider-Man: No Way Home,tt10872600,"{'Tom Holland': 'Peter Parker / Spider-Man', 'Zendaya': ""Michelle 'MJ' Jones"", 'Benedict Cumberbatch': 'Stephen Strange / Doctor Strange', 'Jacob Batalon': 'Ned Leeds', 'Jon Favreau': ""Harold 'Happy' Hogan"", 'Jamie Foxx': 'Max Dillon / Electro', 'Willem Dafoe': 'Norman Osborn / Green Goblin', 'Alfred Molina': 'Dr. Otto Octavius / Doctor Octopus', 'Benedict Wong': 'Wong', 'Tony Revolori': ""Eugene 'Flash' Thompson"", 'Marisa Tomei': 'May Parker', 'Andrew Garfield': 'Peter Parker / Spider-Man', 'Tobey Maguire': 'Peter Parker / Spider-Man', 'Angourie Rice': 'Betty Brant', 'Arian Moayed': 'Agent Cleary', 'Paula Newsome': 'MIT Assistant Vice Chancellor', 'Hannibal Buress': 'Coach Wilson', 'Martin Starr': 'Mr. Harrington', 'J.B. Smoove': 'Mr. Dell', 'J.K. Simmons': 'J. Jonah Jameson', 'Rhys Ifans': 'Dr. Curt Connors / The Lizard', 'Charlie Cox': 'Matt Murdock', 'Thomas Haden Church': 'Flint Marko / Sandman', 'Ben VanderMey': 'Man in Car', 'Gary Weeks': 'Agent Foster', 'Regina Ting Chen': 'Reporter', 'Jwaundace Candece': 'Damage Control Agent', 'Tom Hardy': 'Eddie Brock / Venom (uncredited)', 'Jake Gyllenhaal': 'Mysterio / Quentin Beck (archive footage) (uncredited)', 'Harry Holland': 'Shaker Kid (uncredited)'}",['Jon Watts'],"['Marvel Studios', 'Pascal Pictures', 'Columbia Pictures']",200000000,1921847111
3,Ant-Man and the Wasp: Quantumania,tt10954600,"{'Paul Rudd': 'Scott Lang / Ant-Man', 'Evangeline Lilly': 'Hope van Dyne / The Wasp', 'Jonathan Majors': 'Kang the Conqueror', 'Kathryn Newton': 'Cassie Lang', 'Michelle Pfeiffer': 'Janet van Dyne', 'Michael Douglas': 'Dr. Hank Pym', 'Corey Stoll': 'M.O.D.O.K.', 'Bill Murray': 'Lord Krylar', 'William Jackson Harper': 'Quaz', 'David Dastmalchian': 'Veb (voice)', 'Jamie Andrew Cutler': 'XOLUM', ""Katy O'Brian"": 'Jentorra', 'Randall Park': 'Jimmy Woo', 'Grahame Fox': 'Broccoli Man', 'Patricia Belcher': 'Ant-Man Fan', 'Gregg Turkington': 'Dale', 'Marielle Scott': 'Toasting Woman', 'Dey Young': 'Woman with Dog', 'Roger Craig Smith': 'Quantumnaut Voices (voice)', 'Matthew Wood': 'Quantumnaut Voices (voice)', 'Tom Hiddleston': 'Loki (uncredited)', 'Owen Wilson': 'Mobius M. Mobius (uncredited)', 'Abby Ryder Fortson': 'Cassie Lang (archive footage) (uncredited)'}",['Peyton Reed'],"['Marvel Studios', 'Kevin Feige Productions']",200000000,476071180
4,Black Panther: Wakanda Forever,tt9114286,"{'Letitia Wright': 'Shuri / Black Panther', ""Lupita Nyong'o"": 'Nakia', 'Danai Gurira': 'Okoye', 'Winston Duke': ""M'Baku"", 'Dominique Thorne': 'Riri Williams / Ironheart', 'Tenoch Huerta Mejía': 'Namor', 'Angela Bassett': 'Ramonda', 'Florence Kasumba': 'Ayo', 'Michaela Coel': 'Aneka', 'Lake Bell': 'Dr. Graham', 'Robert John Burke': 'Smitty', 'Danny Sapani': 'Border Tribe Elder', 'Isaach De Bankolé': 'River Tribe Elder', 'Martin Freeman': 'Everett Ross', 'Julia Louis-Dreyfus': 'Valentina Allegra de Fontaine', 'Richard Schiff': 'U.S. Secretary of State', 'Michael B. Jordan': ""N'Jadaka / Erik 'Killmonger' Stevens"", 'Sope Aluko': 'Sope the Shaman', 'Trevor Noah': 'Griot (voice)', 'Shawn Roberts': 'WDG Scientist', 'Janeshia Adams-Ginyard': 'Nomble', 'Gigi Bermingham': 'French Secretary of State', 'Judd Wild': 'Jackson', 'Anderson Cooper': 'Anderson Cooper', 'Floyd Anthony Johns Jr.': 'Jabari Warrior', 'Sal Lopez': 'Yucatan Elder', 'Juan Carlos Cantu': 'Friar', 'Chadwick Boseman': ""T'Challa / Black Panther (archive footage) (uncredited)""}",['Ryan Coogler'],['Marvel Studios'],250000000,859102154
5,Thor: Love and Thunder,tt10648342,"{'Chris Hemsworth': 'Thor Odinson', 'Natalie Portman': 'Jane Foster / The Mighty Thor', 'Christian Bale': 'Gorr', 'Tessa Thompson': 'King Valkyrie', 'Taika Waititi': 'Korg / Old Kronan God (voice)', 'Jaimie Alexander': 'Sif', 'Russell Crowe': 'Zeus', 'Chris Pratt': 'Peter Quill / Star-Lord', 'Karen Gillan': 'Nebula', 'Dave Bautista': 'Drax', 'Pom Klementieff': 'Mantis', 'Sean Gunn': 'Kraglin / On-Set Rocket', 'Vin Diesel': 'Groot (voice)', 'Bradley Cooper': 'Rocket (voice)', 'Idris Elba': 'Heimdall', 'Kat Dennings': 'Darcy Lewis', 'Brett Goldstein': 'Hercules', 'Stellan Skarsgård': 'Erik Selvig', 'Luke Hemsworth': 'Actor Thor', 'Matt Damon': 'Actor Loki', 'Sam Neill': 'Actor Odin', 'Melissa McCarthy': 'Actor Hela', 'Ben Falcone': 'Asgardian Stage Manager', 'Stephen Curry': 'King Yakan', 'Simon Russell Beale': 'Dionysus', 'Jonny Brugh': 'Rapu', 'Brooke Satchwell': 'Indigarrian Woman Glenda', 'Elsa Pataky': 'Wolf Woman', 'Shari Sebbens': 'Asgardian', 'Yure Covich': 'Guard', 'Alan Dukes': 'US Delegate', 'Nico Cortez': 'Aztec God', 'Priscilla Doueihy': 'Artemis God', 'Stephen Hunter': 'Fur God', 'Indiana Evans': 'Zeusette', 'Josh Heuston': 'Zeus Pretty Boy', 'Ben Sinclair': 'Science Friend', 'Zachary Levi': 'Fandral (archive footage) (uncredited)', 'Ray Stevenson': 'Volstagg (archive footage) (uncredited)', 'Tadanobu Asano': 'Hogun (archive footage) (uncredited)', 'Tom Hiddleston': 'Loki (archive footage) (uncredited)'}",['Taika Waititi'],"['Marvel Studios', 'Kevin Feige Productions']",250000000,760928081
6,Avengers: Endgame,tt4154796,"{'Robert Downey Jr.': 'Tony Stark / Iron Man', 'Chris Evans': 'Steve Rogers / Captain America', 'Mark Ruffalo': 'Bruce Banner / Hulk', 'Chris Hemsworth': 'Thor Odinson', 'Scarlett Johansson': 'Natasha Romanoff / Black Widow', 'Jeremy Renner': 'Clint Barton / Hawkeye', 'Don Cheadle': 'James Rhodes / War Machine', 'Paul Rudd': 'Scott Lang / Ant-Man', 'Benedict Cumberbatch': 'Stephen Strange / Doctor Strange', 'Chadwick Boseman': ""T'Challa / Black Panther"", 'Brie Larson': 'Carol Danvers / Captain Marvel', 'Tom Holland': 'Peter Parker / Spider-Man', 'Karen Gillan': 'Nebula', 'Zoe Saldaña': 'Gamora', 'Evangeline Lilly': 'Hope Van Dyne / Wasp', 'Tessa Thompson': 'Valkyrie', 'Rene Russo': 'Frigga', 'Elizabeth Olsen': 'Wanda Maximoff / Scarlet Witch', 'Anthony Mackie': 'Sam Wilson / Falcon', 'Sebastian Stan': 'Bucky Barnes / Winter Soldier', 'Tom Hiddleston': 'Loki', 'Danai Gurira': 'Okoye', 'Benedict Wong': 'Wong', 'Pom Klementieff': 'Mantis', 'Dave Bautista': 'Drax', 'Letitia Wright': 'Shuri', 'John Slattery': 'Howard Stark', 'Tilda Swinton': 'The Ancient One', 'Jon Favreau': ""Harold 'Happy' Hogan"", 'Hayley Atwell': 'Peggy Carter', 'Natalie Portman': 'Jane Foster', 'Marisa Tomei': 'Aunt May', 'Taika Waititi': 'Korg (voice)', 'Angela Bassett': 'Ramonda', 'Michael Douglas': 'Dr. Hank Pym', 'Michelle Pfeiffer': 'Janet Van Dyne', 'William Hurt': ""Secretary of State Thaddeus 'Thunderbolt' Ross"", 'Cobie Smulders': 'Maria Hill', 'Sean Gunn': 'On-Set Rocket / Kraglin', 'Winston Duke': ""M'Baku"", 'Linda Cardellini': 'Laura Barton', 'Maximiliano Hernández': 'Agent Sitwell', 'Frank Grillo': 'Brock Rumlow', 'Hiroyuki Sanada': 'Akihiko', 'Tom Vaughan-Lawlor': 'Ebony Maw', ""James D'Arcy"": 'Jarvis', 'Jacob Batalon': 'Ned', 'Vin Diesel': 'Groot (voice)', 'Bradley Cooper': 'Rocket (voice)', 'Gwyneth Paltrow': 'Pepper Potts', 'Robert Redford': 'Alexander Pierce', 'Josh Brolin': 'Thanos', 'Chris Pratt': 'Peter Quill / Star-Lord', 'Samuel L. Jackson': 'Nick Fury', 'Lexi Rabe': 'Morgan Stark', 'Ross Marquand': 'Johann Schmidt / Red Skull (Stonekeeper)', 'Joe Russo': 'Grieving Man', 'Emma Fuhrmann': 'Cassie Lang', 'Michael James Shaw': 'Corvus Glaive', 'Terry Notary': 'On-Set Groot / Cull Obsidian', 'Kerry Condon': 'Friday (voice)', 'Ava Russo': 'Lila Barton', 'Stan Lee': 'Driver', 'Yvette Nicole Brown': 'S.H.I.E.L.D. Agent', 'Callan Mulvey': 'Jack Rollins', 'Ken Jeong': 'Security Guard', 'Ty Simpkins': 'Harley Keener', 'Jackson A. Dunn': 'Scott Lang (12 Y.O.)', 'Monique Ganderton': 'On-Set Proxima Midnight', 'Jim Starlin': 'Support Group Man #1', 'Hye Jin Jang': 'Japanese Girl', 'Jack Champion': 'Kid on Bike', 'Sam Hargrave': 'New Asgard Truck Driver', 'Patrick Gorman': 'Old Steve Rogers Double', 'Aaron Lazar': 'Doctor Strange Double', 'Robert Pralgo': 'Thanos Reader', 'Tom Wisdom': 'Loki Reader', 'John Posey': 'Alexander Pierce Reader'}","['Anthony Russo', 'Joe Russo']",['Marvel Studios'],356000000,2800000000
7,Doctor Strange in the Multiverse of Madness,tt9419884,"{'Benedict Cumberbatch': 'Dr. Stephen Strange / Sinister Strange / Defender Strange', 'Elizabeth Olsen': 'Wanda Maximoff / The Scarlet Witch', 'Chiwetel Ejiofor': 'Baron Karl Mordo', 'Benedict Wong': 'Wong', 'Xochitl Gomez': 'America Chavez', 'Jett Klyne': 'Tommy Maximoff', 'Julian Hilliard': 'Billy Maximoff', 'Sheila Atim': 'Sara', 'Adam Hugill': 'Rintrah (voice)', 'Michael Stuhlbarg': ""Dr. Nicodemus 'Nic' West"", 'Rachel McAdams': 'Dr. Christine Palmer', 'Hayley Atwell': 'Peggy Carter / Captain Carter', 'Anson Mount': 'Blackagar Boltagon / Black Bolt', 'Lashana Lynch': 'Maria Rambeau / Captain Marvel', 'John Krasinski': 'Reed Richards / Mr. Fantastic', 'Patrick Stewart': 'Professor Charles Xavier / Professor X', 'Charlize Theron': 'Clea', 'Bruce Campbell': 'Pizza Poppa', 'Ross Marquand': 'Ultron (voice)', 'Momo Yeung': 'Hong Kong Master', 'Joshua Peace': 'NY Passerby 616', 'Jordan Alexandra': 'Office Worker', 'Michael Waldron': ""Charlie's Best Man"", 'Bridget Hoffman': 'Soul of the Damned (voice)', 'Scott Spiegel': 'Soul of the Damned (voice)', 'Andrew Morgado': 'Soul of the Damned (voice)', 'Audrey Wasilewski': 'Soul of the Damned (voice)'}",['Sam Raimi'],"['Marvel Studios', 'Kevin Feige Productions']",200000000,955775804
8,The Avengers,tt0848228,"{'Robert Downey Jr.': 'Tony Stark / Iron Man', 'Chris Evans': 'Steve Rogers / Captain America', 'Mark Ruffalo': 'Bruce Banner / The Hulk', 'Chris Hemsworth': 'Thor Odinson', 'Scarlett Johansson': 'Natasha Romanoff / Black Widow', 'Jeremy Renner': 'Clint Barton / Hawkeye', 'Tom Hiddleston': 'Loki', 'Samuel L. Jackson': 'Nick Fury', 'Cobie Smulders': 'Agent Maria Hill', 'Clark Gregg': 'Agent Phil Coulson', 'Stellan Skarsgård': 'Erik Selvig', 'Gwyneth Paltrow': ""Virginia 'Pepper' Potts"", 'Paul Bettany': 'Jarvis (voice)', 'Alexis Denisof': 'The Other', 'Tina Benko': 'NASA Scientist', 'Jerzy Skolimowski': 'Georgi Luchkov', 'Jeff Wolfe': 'Tall Thug', 'Powers Boothe': 'World Security Council', 'Jenny Agutter': 'World Security Council', 'Arthur Darbinyan': 'World Security Council', 'Donald Li': 'World Security Council', 'Warren Kole': 'Carrier Bridge Tech', 'Alicia Sixtos': 'Carrier Bridge Tech', 'Jesse Garcia': 'Carrier Bridge Techs', 'Maximiliano Hernández': 'Agent Jasper Sitwell', 'Kenneth Tigar': 'German Old Man', 'Walter Perez': 'Young Shield Pilot', 'Harry Dean Stanton': 'Security Guard', 'Josh Cowdery': 'Maintenance Guy', 'Ashley Johnson': 'Waitress', 'Robert Clohessy': 'Police Sergeant', 'Enver Gjokaj': 'Young Cop', 'Jamie McShane': 'Celebration Montage Interviewee', 'Romy Rosemont': 'Shawna Lynde', 'James Eckhouse': 'Senator Boynton', 'Stan Lee': 'Stan Lee', 'Thomas Roberts': 'Thomas Roberts', 'Damion Poitier': 'Man #1', 'Lou Ferrigno': 'The Hulk (voice) (uncredited)', 'Martin Palmer': 'Shiel Employee (uncredited)', 'Hank Amos': 'Shield Agent (uncredited)'}",['Joss Whedon'],['Marvel Studios'],220000000,1518815515
9,Shang-Chi and the Legend of the Ten Rings,tt9376612,"{'Simu Liu': 'Shaun / Shang-Chi', 'Awkwafina': 'Katy Chen', ""Zhang Meng'er"": 'Xu Xialing', 'Fala Chen': 'Ying Li', 'Florian Munteanu': 'Razor Fist', 'Benedict Wong': 'Wong', 'Yuen Wah': 'Master Guang Bo', 'Michelle Yeoh': 'Ying Nan', 'Ben Kingsley': 'Trevor Slattery', 'Tony Leung Chiu-wai': 'Xu Wenwu / The Mandarin', 'Andy Le': 'Li Ching-Lin / Death Dealer', 'Stephanie Hsu': 'Soo', 'Tsai Chin': 'Waipo', 'Jodi Long': 'Mrs. Chen', 'Dallas Liu': 'Ruihua', 'Ronny Chieng': 'Jon Jon', 'Fernando Chien': 'Gao Lei', 'Michael-Anthony Taylor': 'Bus Driver', 'Zach Cherry': 'Clev', 'Raymond Ma': 'Gang Leader', 'Dee Bradley Baker': 'Morris (voice)', 'Tim Roth': 'Emil Blonsky / Abomination (voice) (uncredited)', 'Mark Ruffalo': 'Bruce Banner / Hulk (uncredited)', 'Brie Larson': 'Carol Danvers / Captain Marvel (uncredited)', 'Bingchen Ye': 'Archer Warrior / Assassin (uncredited)'}",['Destin Daniel Cretton'],['Marvel Studios'],150000000,432243292
10,Spider-Man: Homecoming,tt2250912,"{'Tom Holland': 'Peter Parker / Spider-Man', 'Michael Keaton': 'Adrian Toomes / Vulture', 'Robert Downey Jr.': 'Tony Stark / Iron Man', 'Marisa Tomei': 'May Parker', 'Jon Favreau': ""Harold 'Happy' Hogan"", 'Gwyneth Paltrow': ""Virginia 'Pepper' Potts"", 'Zendaya': ""Michelle 'MJ' Jones"", 'Donald Glover': 'Aaron Davis', 'Jacob Batalon': 'Ned', 'Laura Harrier': 'Liz', 'Tony Revolori': ""Eugene 'Flash' Thompson"", 'Bokeem Woodbine': 'Herman Schultz / Shocker', 'Tyne Daly': 'Anne Marie Hoag', 'Hannibal Buress': 'Coach Wilson', 'Kenneth Choi': 'Principal Morita', 'Selenis Leyva': 'Ms. Warren', 'Angourie Rice': 'Betty Brant', 'Martin Starr': 'Mr. Harrington', 'Garcelle Beauvais': 'Doris Toomes', 'Michael Chernus': 'Phineas Mason / Tinkerer', 'Michael Mando': 'Mac Gargan', 'Logan Marshall-Green': 'Jackson Brice / Shocker', 'Jennifer Connelly': 'Karen (voice)', 'Gary Weeks': 'Agent Foster', 'Christopher Berry': 'Randy', 'Jorge Lendeborg Jr.': 'Jason Ionello', 'Tunde Adebimpe': 'Mr. Cobbwell', 'Tiffany Espensen': 'Cindy', 'Isabella Amara': 'Sally', 'Josie Totah': 'Seymour', 'Hemky Madera': 'Mr. Delmar', 'Zach Cherry': 'Street Vendor', 'Sondra James': 'Yelling Woman', 'Bob Adrian': 'Yelling Man', 'Gary Richardson': 'Day Sleeper', 'Stan Lee': 'Gary', 'Wayne Pére': 'History Teacher', 'Chris Evans': 'Steve Rogers / Captain America', 'Kerry Condon': 'F.R.I.D.A.Y. (voice)', 'Ethan Dizon': 'Tiny', 'Amy Hill': 'Decathlon Moderator', 'Martha Kelly': 'Tour Guide', 'Jennifer Kim': 'Ferry Mom', 'Stewart Steinberg': 'Ferry Commuter', 'Andy Powers': 'Ferry Commuter', 'Harrison Osterfield': 'Midtown High Student'}",['Jon Watts'],"['Marvel Studios', 'Pascal Pictures', 'LStar Capital', 'Columbia Pictures']",175000000,880166924
11,Avengers: Age of Ultron,tt2395427,"{'Robert Downey Jr.': 'Tony Stark / Iron Man', 'Chris Hemsworth': 'Thor Odinson', 'Mark Ruffalo': 'Bruce Banner / Hulk', 'Chris Evans': 'Steve Rogers / Captain America', 'Scarlett Johansson': 'Natasha Romanoff / Black Widow', 'Jeremy Renner': 'Clint Barton / Hawkeye', 'James Spader': 'Ultron (voice)', 'Paul Bettany': 'Jarvis / Vision', 'Elizabeth Olsen': 'Wanda Maximoff / Scarlet Witch', 'Aaron Taylor-Johnson': 'Pietro Maximoff / Quicksilver', 'Samuel L. Jackson': 'Nick Fury', 'Don Cheadle': ""James 'Rhodey' Rhodes / War Machine"", 'Cobie Smulders': 'Maria Hill', 'Anthony Mackie': 'Sam Wilson / The Falcon', 'Hayley Atwell': 'Peggy Carter', 'Idris Elba': 'Heimdall', 'Linda Cardellini': 'Laura Barton', 'Stellan Skarsgård': 'Erik Selvig', 'Claudia Kim': 'Dr. Helen Cho', 'Thomas Kretschmann': 'Baron Wolfgang von Strucker', 'Andy Serkis': 'Ulysses Klaue', 'Julie Delpy': 'Madame B', 'Stan Lee': 'Stan Lee', 'Henry Goodman': 'Dr. List', 'Isaac Andrews': 'Costel', 'Bentley Kalu': ""Klaue's Mercenary"", 'Julian Bleach': 'Ballet Instructor', 'Antony Acheampong': 'Johannesburg Elevator Passenger', 'Ingvild Deila': 'World Hub Tech', 'Alma Noce': 'Sokovian Family', 'Barry Aird': 'Sokovian Police Captain', 'Aaron Himelstein': 'Specialist Cameron Klein', 'Kerry Condon': 'Friday (voice)', 'Josh Brolin': 'Thanos (uncredited)', 'Lou Ferrigno': 'Hulk (voice) (uncredited)'}",['Joss Whedon'],['Marvel Studios'],365000000,1405403694
12,Eternals,tt9032400,"{'Gemma Chan': 'Sersi', 'Richard Madden': 'Ikaris', 'Angelina Jolie': 'Thena', 'Kumail Nanjiani': 'Kingo', 'Barry Keoghan': 'Druig', 'Lauren Ridloff': 'Makkari', 'Lia McHugh': 'Sprite', 'Brian Tyree Henry': 'Phastos', 'Ma Dong-seok': 'Gilgamesh', 'Salma Hayek Pinault': 'Ajak', 'Kit Harington': 'Dane Whitman', 'Harish Patel': 'Karun', 'David Kaye': 'Arishem (voice)', 'Bill Skarsgård': 'Kro (voice)', 'Haaz Sleiman': 'Ben', 'Hannah Dodd': 'Sandra', 'Nikkita Chadha': 'Bollywood Star', 'Grahame Fox': 'Kro On-Set Reader', 'Zain Al Rafeea': 'Mesopotamian Young Man', 'Jeff Mirza': 'Gupta Hindu Priest', 'Harry Styles': 'Eros / Starfox', 'Patton Oswalt': 'Pip the Troll (voice)', 'Mahershala Ali': 'Eric Brooks / Blade (voice) (uncredited)'}",['Chloé Zhao'],['Marvel Studios'],200000000,402064899
13,Captain America: Civil War,tt3498820,"{'Chris Evans': 'Steve Rogers / Captain America', 'Robert Downey Jr.': 'Tony Stark / Iron Man', 'Scarlett Johansson': 'Natasha Romanoff / Black Widow', 'Sebastian Stan': ""James 'Bucky' Barnes / Winter Soldier"", 'Chadwick Boseman': ""T'Challa / Black Panther"", 'Daniel Brühl': 'Baron Helmut Zemo', 'Elizabeth Olsen': 'Wanda Maximoff / Scarlet Witch', 'Paul Bettany': 'Vision', 'Don Cheadle': ""Lieutenant James 'Rhodey' Rhodes / War Machine"", 'Anthony Mackie': 'Sam Wilson / Falcon', 'Tom Holland': 'Peter Parker / Spider-Man', 'Jeremy Renner': 'Clint Barton / Hawkeye', 'Paul Rudd': 'Scott Lang / Ant-Man', 'Emily VanCamp': 'Sharon Carter / Agent 13', 'Martin Freeman': 'Everett K. Ross', 'William Hurt': ""Secretary of State Thaddeus 'Thunderbolt' Ross"", 'John Kani': ""King T'Chaka"", 'Marisa Tomei': 'May Parker', 'Frank Grillo': 'Brock Rumlow / Crossbones', 'John Slattery': 'Howard Stark', 'Hope Davis': 'Maria Stark', 'Alfre Woodard': 'Miriam Sharpe', 'Jackson Spidell': 'Josef / Super Soldier #1', 'Heidi Moneymaker': 'Super Soldier #3', 'Aaron Toney': 'Super Soldier #4', 'Gene Farber': 'Vasily Karpov', 'Florence Kasumba': 'Ayo', 'David de Vries': 'Custodian', 'Brett Gentile': 'Delivery Truck Driver', 'Jin Shijia': 'Chinese Newscaster', 'Silvina Buchbauer': 'News Reporter', 'Damion Poitier': 'Hero Merc #1', 'Jim Rash': 'M.I.T. Liaison', 'Stan Lee': 'FedEx Driver', 'Kerry Condon': 'F.R.I.D.A.Y. (voice)', 'Julianna Guill': ""Stark's Assistant"", 'Surely Alvelo': 'Nurse', 'Al Cerullo': 'Helicopter Pilot', 'Joe Russo': 'Dr. Theo Broussard (uncredited)', 'Chris Jai Alex': 'IFID (uncredited)'}","['Anthony Russo', 'Joe Russo']",['Marvel Studios'],250000000,1155046416
14,Iron Man 2,tt1228705,"{'Robert Downey Jr.': 'Tony Stark / Iron Man', 'Gwyneth Paltrow': ""Virginia 'Pepper' Potts"", 'Don Cheadle': ""James 'Rhodey' Rhodes / War Machine"", 'Scarlett Johansson': 'Natalie Rushman / Natasha Romanoff / Black Widow', 'Sam Rockwell': 'Justin Hammer', 'Mickey Rourke': 'Ivan Vanko / Whiplash', 'Samuel L. Jackson': 'Nick Fury', 'Clark Gregg': 'Phil Coulson', 'John Slattery': 'Howard Stark', 'Garry Shandling': 'Senator Stern', 'Paul Bettany': 'J.A.R.V.I.S. (voice)', 'Leslie Bibb': 'Christine Everhart', 'Kate Mara': 'U.S. Marshal', 'Jon Favreau': ""Harold 'Happy' Hogan"", 'Philippe Bergeron': 'Detective Lemieux', 'Tim Guinee': 'Major Allen', 'Stan Lee': 'Larry King', 'Helena Mattsson': 'Rebecca', 'Anya Monzikova': 'Rebeka', 'Olivia Munn': 'Chess Roberts', 'Elon Musk': 'Elon Musk', ""Bill O'Reilly"": ""Bill O'Reilly"", 'Alejandro Patiño': 'Strawberry Vendor', 'Davin Ransom': 'Young Tony Stark', 'Karim Saleh': 'Guard', 'Jenny Robinson': 'Ironette Dancer', 'Krystal Ellsworth': 'Ironette Dancer', 'Hannah Douglass': 'Ironette Dancer', 'Rachele Brooke Smith': 'Ironette Dancer', 'Nadine Ellis': 'Ironette Dancer', 'Mark Kubr': 'Prisoner (uncredited)', 'Christopher Maleki': 'Reporter (uncredited)', 'Tanoai Reed': 'Security Guard Fighting Happy Hogan (uncredited)', 'Matt McColm': 'Guard (uncredited)', 'Seth Green': 'Expo Fan (uncredited)'}",['Jon Favreau'],"['Marvel Studios', 'Fairview Entertainment']",200000000,623933331
15,Thor: Ragnarok,tt3501632,"{'Chris Hemsworth': 'Thor Odinson', 'Tom Hiddleston': 'Loki', 'Cate Blanchett': 'Hela', 'Tessa Thompson': 'Scrapper 142 / Valkyrie', 'Jeff Goldblum': 'En Dwi Gast / Grandmaster', 'Idris Elba': 'Heimdall', 'Karl Urban': 'Skurge / Executioner', 'Mark Ruffalo': 'Bruce Banner / Hulk', 'Anthony Hopkins': 'Odin', 'Benedict Cumberbatch': 'Stephen Strange / Doctor Strange', 'Taika Waititi': 'Korg / Surtur / Hulk (mo-cap)', 'Rachel House': 'Topaz', 'Clancy Brown': 'Surtur (voice)', 'Tadanobu Asano': 'Hogun', 'Ray Stevenson': 'Volstagg', 'Zachary Levi': 'Fandral', 'Stan Lee': 'Barber', 'Amali Golden': 'Asgardian Date #2', 'Luke Hemsworth': 'Actor Thor', 'Sam Neill': 'Actor Odin', 'Matt Damon': 'Actor Loki (uncredited)', 'Charlotte Nicdao': 'Actor Sif', 'Shalom Brune-Franklin': 'College Girl #1', 'Cohen Holloway': 'Lead Scrapper', ""Alia Seror-O'Neill"": 'Golden Lady #1', 'Hamish Parkinson': 'Beerbot 5000', 'Jasper Bagg': 'Warden', 'Shari Sebbens': 'Asgardian Mother', 'Jet Tranter': 'Valkyrie Sister #1', 'Rob Mayes': 'Asgardian Man', 'Scarlett Johansson': 'Natasha Romanoff / Black Widow (archive footage / uncredited)', 'Sam Hargrave': 'Gladiator (uncredited)'}",['Taika Waititi'],['Marvel Studios'],180000000,855301806
16,Iron Man,tt0371746,"{'Robert Downey Jr.': 'Tony Stark / Iron Man', 'Terrence Howard': ""James 'Rhodey' Rhodes"", 'Jeff Bridges': 'Obadiah Stane / Iron Monger', 'Gwyneth Paltrow': ""Virginia 'Pepper' Potts"", 'Leslie Bibb': 'Christine Everhart', 'Bill Smitrovich': 'General Gabriel', 'Paul Bettany': 'J.A.R.V.I.S. (voice)', 'Jon Favreau': ""Harold 'Happy' Hogan"", 'Shaun Toub': 'Yinsen', 'Faran Tahir': 'Raza', 'Clark Gregg': 'Phil Coulson', 'Peter Billingsley': 'William Ginter Riva', 'Sayed Badreya': 'Abu Bakaar', 'Tim Guinee': 'Major Allen', 'Will Lyman': 'Award Ceremony Narrator (voice)', 'Tom Morello': 'Guard', 'Marco Khan': 'Guard', 'Kevin Foster': 'Jimmy', 'Eileen Weisinger': 'Ramirez', 'Fahim Fazli': 'Omar / ADR Voice', 'Tim Rigby': 'Viper 1', 'Nazanin Boniadi': 'Amira Ahmed', 'Donna Evans': 'Woman In SUV', 'Adam Harrington': 'Reporter', 'Meera Simhan': 'Reporter', 'Jeannine Kaspar': 'Flight Attendant', 'Sarah Cahill': 'Flight Attendant', 'Stan Lee': 'Stan Lee', 'Lana Kinnear': ""Stan's Girl"", 'Tim Griffin': 'CAOC Analyst', 'Joshua Harto': 'CAOC Analyst', 'Mike Cochrane': 'Gulmira Villager (uncredited)', 'Samuel L. Jackson': 'Nick Fury (uncredited)'}",['Jon Favreau'],['Marvel Studios'],140000000,585174222
17,Iron Man 3,tt1300854,"{'Robert Downey Jr.': 'Tony Stark / Iron Man', 'Gwyneth Paltrow': ""Virginia 'Pepper' Potts"", 'Don Cheadle': ""James 'Rhodey' Rhodes / Iron Patriot"", 'Guy Pearce': 'Aldrich Killian', 'Ben Kingsley': 'Trevor Slattery', 'Ty Simpkins': 'Harley Keener', 'William Sadler': 'President Matthew Ellis', 'Rebecca Hall': 'Maya Hansen', 'Stephanie Szostak': 'Ellen Brandt', 'James Badge Dale': 'Savin', 'Miguel Ferrer': 'Vice President Rodriguez', 'Jon Favreau': ""Harold 'Happy' Hogan"", 'Paul Bettany': 'J.A.R.V.I.S. (voice)', 'Dale Dickey': 'Mrs. Davis', 'Wang Xueqi': 'Doctor Wu', 'Shaun Toub': 'Ho Yinsen', 'Thomas Roberts': 'Himself', 'Bill Maher': 'Himself', 'Joan Rivers': 'Herself', 'Anthony Reynolds': 'Helicopter Pilot #1', 'Kendrick Cross': 'Helicopter Pilot #2', 'John Eddins': 'Mandarin Look-Out', 'Spencer Garrett': 'Rose Hill Sheriff', 'Jan Broberg': 'Senior Technician', 'Andrew Lauer': 'Satellite Technician', 'Tom Virtue': 'Thomas Richards', 'Bobby Tisdale': 'Pageant Emcee', 'Yvonne Zima': 'Miss Elk Ridge', 'Stan Lee': 'Pageant Judge', 'Adam Pally': 'Gary the Cameraman', 'Cullen Moss': 'Extremis Candidate', 'Rebecca Mader': 'Sweat Shop Agent', 'Luciana Faulhaber': 'Mandarin Party Girl #1', 'Mike Massa': ""Tony's Guard"", 'Mark Kubr': 'Ponytail Express', 'Jenna Ortega': ""Vice President's Daughter"", 'Corey Hawkins': 'Navy Op', 'Linden Ashby': 'Commander', 'Sala Baker': 'Extremis Soldier', 'Fernando Chien': 'Extremis Soldier', 'Kiante Elam': 'Extremis Soldier', 'Dane Farwell': 'Extremis Soldier', 'Mark Fichera': 'Extremis Soldier', 'Mark Ginther': 'Extremis Soldier', 'Dennis Keiffer': 'Extremis Soldier', 'Samuel Le': 'Extremis Soldier', 'Tara Macken': 'Extremis Soldier', 'Jade Quon': 'Extremis Soldier', 'Chris Gethard': 'Juan (uncredited)', 'Bridger Zadina': 'Richie (uncredited)', 'Mark Ruffalo': 'Bruce Banner (uncredited)', 'Johnny Otto': 'Military Advisor (uncredited)', 'Vince Offer': 'Self (archive footage) (uncredited)'}",['Shane Black'],['Marvel Studios'],200000000,1215577205
18,Captain Marvel,tt4154664,"{'Brie Larson': 'Carol Danvers / Vers / Captain Marvel', 'Samuel L. Jackson': 'Nick Fury', 'Ben Mendelsohn': 'Talos / Keller', 'Jude Law': 'Yon-Rogg', 'Annette Bening': 'Supreme Intelligence / Dr. Wendy Lawson', 'Djimon Hounsou': 'Korath', 'Lee Pace': 'Ronan the Accuser', 'Lashana Lynch': 'Maria Rambeau', 'Gemma Chan': 'Minn-Erva', 'Clark Gregg': 'Agent Phil Coulson', 'Rune Temte': 'Bron-Charr', 'Mckenna Grace': 'Young Carol (13 Years Old)', 'Akira Akbar': 'Monica Rambeau (11 Years Old)', 'Matthew Maher': 'Norex', 'Chuku Modu': 'Soh-Larr', 'Vik Sahay': 'Hero Torfan', 'Colin Ford': 'Steve Danvers', 'Kenneth Mitchell': 'Joseph Danvers', 'Stephen A. Chang': 'Cadet Officer', 'Pete Ploszek': 'Bret Johnson', 'Diana Toshiko': 'Skrull Tech #1', 'Barry Curtis': 'Mall Security Guard', 'Stan Lee': 'Stan Lee', 'Robert Kazinsky': 'Biker (The Don)', 'Nelson Franklin': 'Medical Examiner', 'Patrick Brennan': 'Bartender', 'Patrick Gallagher': 'Security Chief', 'Ana Ayora': 'Agent Whitcher', 'Matthew Bellows': 'Accuser #1', 'Chris Evans': 'Steve Rogers / Captain America (uncredited)', 'Scarlett Johansson': 'Natasha Romanoff / Black Widow (uncredited)', 'Don Cheadle': ""James 'Rhodey' Rhodes / War Machine (uncredited)"", 'Mark Ruffalo': 'Bruce Banner / The Hulk (uncredited)', 'Anthony Molinari': 'S.H.I.E.L.D. Agent (uncredited)'}","['Ryan Fleck', 'Anna Boden']",['Marvel Studios'],152000000,1131416446
19,Spider-Man: Far From Home,tt6320628,"{'Tom Holland': 'Peter Parker / Spider-Man', 'Samuel L. Jackson': 'Nick Fury', 'Jake Gyllenhaal': 'Quentin Beck / Mysterio', 'Marisa Tomei': 'May Parker', 'Jon Favreau': ""Harold 'Happy' Hogan"", 'Zendaya': ""Michelle 'MJ' Jones"", 'Jacob Batalon': 'Ned Leeds', 'Tony Revolori': ""Eugene 'Flash' Thompson"", 'Angourie Rice': 'Betty Brant', 'Remy Hii': 'Brad Davis', 'Martin Starr': 'Mr. Harrington', 'J.B. Smoove': 'Mr. Dell', 'Jorge Lendeborg Jr.': 'Jason Ionello', 'Cobie Smulders': 'Maria Hill', 'Numan Acar': 'Dimitri', 'Toni Garrn': 'The Seamstress', 'Peter Billingsley': 'William Ginter Riva', 'Clare Dunne': 'Victoria', 'Nicholas Gleaves': 'Guterman', 'Claire Rushbrook': 'Janice', 'J.K. Simmons': 'J. Jonah Jameson', 'Anjana Vasan': 'Queens Reporter', 'Lukáš Bech': 'Helpful Dutch Man', 'Sitara Attaie': 'Dutch Lady (uncredited)', 'Tuwaine Barrett': 'Officer Bristow (extended cut)', 'Bruno Bilotta': 'Mob Boss (uncredited)', 'Jeff Bridges': 'Obadiah Stane (archive footage) (uncredited)', 'Gianni Calchetti': 'Venetian Fish Stall Owner (uncredited)', 'Hélène Cardona': 'Austrian Backpacker (uncredited)', 'Massi Furlan': 'Flight Attendant (uncredited)', 'Meagan Holder': 'Pretty Tourist (uncredited)', 'Joseph Long': 'Mob Boss (uncredited)', 'Ben Mendelsohn': 'Talos (uncredited)', 'Anthony Molinari': 'Mob Guy (uncredited)'}",['Jon Watts'],"['Marvel Studios', 'Pascal Pictures', 'Columbia Pictures']",160000000,1131927996
20,Guardians of the Galaxy Vol. 2,tt3896198,"{'Chris Pratt': 'Peter Quill / Star-Lord', 'Zoe Saldaña': 'Gamora', 'Dave Bautista': 'Drax the Destroyer', 'Vin Diesel': 'Baby Groot (voice)', 'Bradley Cooper': 'Rocket (voice)', 'Michael Rooker': 'Yondu Udonta', 'Karen Gillan': 'Nebula', 'Pom Klementieff': 'Mantis', 'Sylvester Stallone': 'Stakar Ogord', 'Kurt Russell': 'Ego', 'Elizabeth Debicki': 'Ayesha', 'Chris Sullivan': 'Taserface', 'Sean Gunn': 'Kraglin / On-Set Rocket / On-Set Adolescent Groot', 'Tommy Flanagan': 'Tullk', 'Laura Haddock': 'Meredith Quill', 'Aaron Schwartz': 'Young Ego Facial Reference', 'Ben Browder': 'Sovereign Admiral', 'Luke Cook': ""Zylak's Frenemy"", 'Evan Jones': 'Retch', 'Joe Fria': 'Oblo', 'Terence Rosemore': 'Narblik', 'Stephen Blackehart': 'Brahl', 'Steve Agee': 'Gef', 'Richard Christy': '""Down There!""', 'Rob Zombie': 'Unseen Ravager', 'Sierra Love': 'Robot Courtesan', 'Kendra Carelli': 'Robot Courtesan', 'Seth Green': 'Howard the Duck (voice)', 'Molly C. Quinn': ""Howard's Date"", 'Michael Rosenbaum': 'Martinex', 'Rhoda Griffis': 'Sneeper Madame', 'Milynn Sarley': 'Robot Courtesan', 'Stan Lee': 'Watcher Informant', 'David Hasselhoff': 'The Form of David Hasselhoff', 'Elizabeth Faith Ludlow': 'Easik Mother', 'Wyatt Oleff': 'Young Peter Quill', 'Gregg Henry': 'Grandpa Quill', 'Damita Jane Howard': ""Grandpa Quill's Friend"", 'Ving Rhames': 'Charlie-27', 'Michelle Yeoh': 'Aleta Ogord', 'Miley Cyrus': 'Mainframe (voice) (uncredited)', 'Jeff Goldblum': 'En Dwi Gast / Grandmaster (uncredited)', 'Donny Carrington': 'Kree Monk (uncredited)', 'Kelly Richardson': 'Daisy Kiu (uncredited)'}",['James Gunn'],['Marvel Studios'],200000000,863756051
21,Black Widow,tt3480822,"{'Scarlett Johansson': 'Natasha Romanoff / Black Widow', 'Florence Pugh': 'Yelena Belova', 'Rachel Weisz': 'Melina Vostokoff', 'David Harbour': 'Alexei Shostakov / Red Guardian', 'Ray Winstone': 'Dreykov', 'Olga Kurylenko': 'Antonia Dreykov', 'Ever Anderson': 'Young Natasha', 'Violet McGraw': 'Young Yelena', 'O.T. Fagbenle': 'Mason', 'William Hurt': ""Secretary Thaddeus 'Thunderbolt' Ross"", 'Ryan Kiera Armstrong': 'Young Antonia', 'Michelle Lee': 'Oksana', 'Nanna Blondell': 'Ingrid', 'Shaina West': 'Widow', 'Yolanda Lynes': 'Widow', 'Jade Ma': 'Widow', 'Aurélia Agel': 'Widow', 'Ione Butler': 'Widow', 'Kurt Yue': 'Ross Lieutenant', 'Olivier Richters': 'Ursa Major', 'Robert Pralgo': 'Ross Agent', 'Jacinte Blankenship': 'Ross Agent', 'Clem So': 'Gulag Inmate (uncredited)', 'Julia Louis-Dreyfus': 'Contessa Valentina Allegra de Fontaine (uncredited)', 'Jeremy Renner': 'Clint Barton / Hawkeye (voice) (uncredited)'}",['Cate Shortland'],['Marvel Studios'],200000000,379751131
22,Thor,tt0800369,"{'Chris Hemsworth': 'Thor Odinson', 'Natalie Portman': 'Jane Foster', 'Tom Hiddleston': 'Loki', 'Anthony Hopkins': 'Odin', 'Stellan Skarsgård': 'Erik Selvig', 'Kat Dennings': 'Darcy Lewis', 'Clark Gregg': 'Phil Coulson', 'Colm Feore': 'King Laufey', 'Idris Elba': 'Heimdall', 'Ray Stevenson': 'Volstagg', 'Tadanobu Asano': 'Hogun', 'Josh Dallas': 'Fandral', 'Jaimie Alexander': 'Sif', 'Rene Russo': 'Frigga', 'Adriana Barraza': 'Isabela Alvarez', 'Maximiliano Hernández': 'Jasper Sitwell', 'Richard Cetrone': 'Frost Giant Captain', 'Josh Coxx': 'Frost Giant Hailstrum', 'Joseph Gatt': 'Frost Giant Grundroth', 'Luke Massy': 'Frost Giant Raze', 'Jamie McShane': 'Agent Jackson', 'Dale Godboldo': 'Agent Garrett', 'Jim Palmer': 'SHIELD Guard', 'J. Michael Straczynski': 'Townie', 'Matt Battaglia': 'Pete', 'Stan Lee': 'Stan the Man', 'Joel McCrary': 'Drunk Townie', 'Rob Mars': 'Orderly', 'Harley Graham': 'Viking Child', 'Dakota Goyo': 'Young Thor', 'Douglas Tait': 'Frost Giant (uncredited)', 'Jeremy Renner': 'Clint Barton / Hawkeye (uncredited)', 'Samuel L. Jackson': 'Nick Fury (uncredited)', 'Stephen Oyoung': 'Einherjar Guard (uncredited)'}",['Kenneth Branagh'],['Marvel Studios'],150000000,449326618
23,Doctor Strange,tt1211837,"{'Benedict Cumberbatch': 'Stephen Strange / Doctor Strange', 'Chiwetel Ejiofor': 'Karl Mordo', 'Rachel McAdams': 'Dr. Christine Palmer', 'Benedict Wong': 'Wong', 'Mads Mikkelsen': 'Kaecilius', 'Tilda Swinton': 'The Ancient One', 'Michael Stuhlbarg': 'Dr. Nicodemus West', 'Benjamin Bratt': 'Jonathan Pangborn', 'Scott Adkins': 'Lucian / Strong Zealot', 'Zara Phythian': 'Brunette Zealot', 'Alaa Safi': 'Tall Zealot', 'Katrina Durden': 'Blonde Zealot', 'Meera Syal': 'Dr. Patel', 'Amy Landecker': 'Dr. Bruner', 'Kobna Holdbrook-Smith': 'Physical Therapist', 'Guillaume Faure': 'Reluctant Surgeon', 'Stan Lee': 'Bus Passenger', 'Juani Feliz': 'Girl on the Bus (uncredited)', 'Clem So': 'Kamar-Taj Disciple (uncredited)', 'Chris Hemsworth': 'Thor Odinson (uncredited)'}",['Scott Derrickson'],['Marvel Studios'],180000000,676343174
24,Thor: The Dark World,tt1981115,"{'Chris Hemsworth': 'Thor Odinson', 'Natalie Portman': 'Jane Foster', 'Tom Hiddleston': 'Loki', 'Anthony Hopkins': 'Odin', 'Christopher Eccleston': 'Malekith', 'Jaimie Alexander': 'Sif', 'Zachary Levi': 'Fandral', 'Ray Stevenson': 'Volstagg', 'Tadanobu Asano': 'Hogun', 'Idris Elba': 'Heimdall', 'Rene Russo': 'Frigga', 'Adewale Akinnuoye-Agbaje': 'Algrim / Kurse', 'Kat Dennings': 'Darcy Lewis', 'Stellan Skarsgård': 'Erik Selvig', 'Alice Krige': 'Eir', 'Clive Russell': 'Tyr', 'Jonathan Howard': 'Ian Boothby', 'Thomas Arnold': 'Desk Officer', 'Royce Pierreson': 'Student', ""Chris O'Dowd"": 'Richard', 'Justin Edwards': 'Police Officer #1', 'Richard Brake': 'Einherjar Lieutenant', 'Stan Lee': 'Stan Lee', 'Brett Tucker': 'Einherjar Guard', 'Talulah Riley': 'Nurse', 'Richard Wharton': 'Asylum Patient', 'Tony Curran': 'Bor (uncredited)', 'Chris Evans': 'Loki as Captain America (uncredited)', 'Benicio del Toro': 'Taneleer Tivan / The Collector (uncredited)', 'Ophelia Lovibond': 'Carina (uncredited)', 'Elsa Pataky': 'Jane Foster stand-in (uncredited)'}",['Alan Taylor'],['Marvel Studios'],170000000,644783140
25,Black Panther,tt1825683,"{'Chadwick Boseman': ""King T'Challa / Black Panther"", 'Michael B. Jordan': ""N'Jadaka / Erik 'Killmonger' Stevens"", ""Lupita Nyong'o"": 'Nakia', 'Danai Gurira': 'Okoye', 'Martin Freeman': 'Everett K. Ross', 'Daniel Kaluuya': ""W'Kabi"", 'Letitia Wright': 'Shuri', 'Winston Duke': ""M'Baku"", 'Sterling K. Brown': ""N'Jobu"", 'Florence Kasumba': 'Ayo', 'John Kani': ""T'Chaka"", 'Angela Bassett': 'Ramonda', 'Forest Whitaker': 'Zuri', 'Andy Serkis': 'Ulysses Klaue', 'David S. Lee': 'Limbani', 'Isaach De Bankolé': 'River Tribe Elder', 'Danny Sapani': 'Border Tribe Elder', 'Sydelle Noel': 'Dora Milaje', 'Janeshia Adams-Ginyard': 'Dora Milaje', 'Sope Aluko': 'Shaman', 'Stan Lee': 'Thirsty Gambler', 'Denzel Whitaker': 'James / Young Zuri', 'Shaunette Renée Wilson': 'Dora Milaje (1992)', 'Jalil Jay Lynch': 'Nigerian Militant #1', 'Alexis Louder': 'Nigerian Woman #2', 'Francesca Faridany': 'Museum Director', 'Mark Ashworth': 'Security Guard', 'Seth Carr': 'Young Killmonger', 'Jeremy Sample': 'Jabari Fisherman', 'Tony Sears': 'French Ambassador', 'Alex Hibbert': 'Young Oakland Kid', 'Trevor Noah': 'Griot (voice)', 'Sebastian Stan': ""James 'Bucky' Barnes / Winter Soldier (uncredited)""}",['Ryan Coogler'],['Marvel Studios'],200000000,1349926083
26,The Incredible Hulk,tt0800080,"{'Edward Norton': 'Bruce Banner / The Hulk', 'Liv Tyler': 'Betty Ross', 'Tim Roth': 'Emil Blonsky / Abomination', 'William Hurt': ""Thaddeus 'Thunderbolt' Ross"", 'Tim Blake Nelson': 'Samuel Sterns', 'Ty Burrell': 'Leonard Samson', 'Christina Cabot': 'Kathleen Sparr', 'Peter Mensah': 'General Joe Greller', 'Lou Ferrigno': 'Incredible Hulk (voice) / Security Guard', 'Débora Nascimento': 'Martina', 'Greg Bryk': 'Commando', 'Chris Owens': 'Commando', 'Nick Alachiotis': 'Tough Guy', 'Joris Jarsky': 'Soldier', 'Arnold Pinnock': 'Soldier', 'Wayne Robson': 'Boat Captain', 'Martin Starr': 'Computer Nerd', 'Michael Kenneth Williams': 'Harlem Bystande', 'James Downing': 'Army Base Doctor', 'Rickson Gracie': 'Aikido Instructor', 'Genelle Williams': 'Terrified Gal', 'Tony Nappo': 'Brave Cop', 'Aaron Berg': 'Soldier', 'David Meunier': 'Soldier', 'Moses Nyarko': 'Soldier', 'Stephen Broussard': 'Handsome Soldier', 'Stan Lee': 'Milwaukee Man Drinking from Bottle (uncredited)', 'Robert Downey Jr.': 'Tony Stark (uncredited)', 'Max Topplin': '(uncredited)', 'Dylan Taylor': 'Keg Guy (uncredited)'}",['Louis Leterrier'],"['Marvel Studios', 'Valhalla Motion Pictures']",150000000,163712074
28,Ant-Man,tt0478970,"{'Paul Rudd': 'Scott Lang / Ant-Man', 'Michael Douglas': 'Dr. Hank Pym', 'Evangeline Lilly': 'Hope van Dyne', 'Bobby Cannavale': 'Jim Paxton', 'Corey Stoll': 'Darren Cross / Yellowjacket', 'Anthony Mackie': 'Sam Wilson / Falcon', 'Judy Greer': 'Maggie', 'Abby Ryder Fortson': 'Cassie Lang', 'Michael Peña': 'Luis', 'David Dastmalchian': 'Kurt', 'T.I.': 'Dave', 'Wood Harris': 'Gale', 'Hayley Atwell': 'Peggy Carter', 'John Slattery': 'Howard Stark', 'Martin Donovan': 'Mitchell Carson', 'Garrett Morris': 'Car Driver', 'Gregg Turkington': 'Dale', 'Rod Hallett': 'Hydra Buyer', 'Joe Chrest': 'Frank', 'Joe Bucaro III': 'Buyer', 'Jean Louisa Kelly': 'Buyer', 'Hayley Lovitt': 'Janet van Dyne / The Wasp', 'Anna Akana': 'Writer', 'Stan Lee': 'Bartender', 'Tom Kenny': 'Hideous Rabbit (voice)', 'Jim R. Coleman': 'Pym Tech Gate Guard', 'Aaron Saxton': 'PYM Tech Security Guard', 'Rus Blackwell': 'Superior Officer', 'Johnny Pemberton': 'Ice Cream Store Customer', 'Carlos Aviles': 'Carlos', 'Lyndsi LaRose': 'Emily', 'Robert Crayton': 'Peachy', 'Clay Donahue Fontenot': 'Armed Guard', 'Antal Kalik': 'Lab Guard', 'Reuben Langdon': 'Lab Guard', 'Todd Schneider': 'Lab Guard', 'Zack Duhame': 'Beta Guard', 'Danny Vasquez': 'Ignacio', 'Rick Avery': 'Helicopter Pilot', 'Chris Evans': 'Steve Rogers / Captain America (uncredited)', 'Vanessa Ross': 'Jogger (uncredited)', 'Sebastian Stan': ""James 'Bucky' Barnes / Winter Soldier (uncredited)""}",['Peyton Reed'],['Marvel Studios'],130000000,519311965
29,Captain America: The First Avenger,tt0458339,"{'Chris Evans': 'Steve Rogers / Captain America', 'Tommy Lee Jones': 'Chester Phillips', 'Hugo Weaving': 'Johann Schmidt / Red Skull', 'Hayley Atwell': 'Peggy Carter', 'Sebastian Stan': ""James Buchanan 'Bucky' Barnes"", 'Dominic Cooper': 'Howard Stark', 'Toby Jones': 'Dr. Arnim Zola', 'Neal McDonough': ""Timothy 'Dum Dum' Dugan"", 'Derek Luke': 'Gabe Jones', 'Bruno Ricci': 'Jacques Dernier', 'JJ Feild': 'James Montgomery Falsworth', 'Kenneth Choi': 'Jim Morita', 'Richard Armitage': 'Heinz Kruger', 'Stanley Tucci': 'Abraham Erskine', 'Samuel L. Jackson': 'Nick Fury', 'Lex Shrapnel': 'Gilmore Hodge', 'Michael Brandon': 'Senator Brandt', 'Natalie Dormer': 'Private Lorraine', 'William Hope': 'SHIELD Lieutenant', 'Nicholas Pinnock': 'SHIELD Tech', 'David Bradley': 'Tower Keeper', 'Sam Hoare': 'Nervous Recruit', 'Simon Kunz': '4F Doctor', 'Jenna Coleman': 'Connie', 'Sophie Colquhoun': 'Bonnie', 'Ben Batt': 'Enlistment Office MP', 'David McKail': ""Johann Schmidt's Artist"", 'Amanda Walker': 'Antique Store Owner', 'Marcello Walton': 'Undercover Bum', 'Anatole Taubman': 'Roeder', 'Jan Pohl': 'Hutter', 'Erich Redman': 'Schneider', 'Rosanna Hoult': 'The Star Spangled Singer', 'Laura Haddock': 'Autograph Seeker', 'James Payton': ""'Adolph Hitler'"", 'Ronan Raftery': 'Army Heckler', 'Nick Hendrix': 'Army Heckler', 'Luke Allen-Gale': 'Army Heckler', 'Jack Gordon': 'Army Heckler', 'Amanda Righetti': 'SHIELD Agent', 'Stan Lee': 'General (uncredited)'}",['Joe Johnston'],['Marvel Studios'],140000000,370569774
31,Guardians of the Galaxy,tt2015381,"{'Chris Pratt': 'Peter Quill / Star-Lord', 'Zoe Saldaña': 'Gamora', 'Dave Bautista': 'Drax the Destroyer', 'Vin Diesel': 'Groot (voice)', 'Bradley Cooper': 'Rocket (voice)', 'Lee Pace': 'Ronan the Accuser', 'Michael Rooker': 'Yondu Udonta', 'Karen Gillan': 'Nebula', 'Djimon Hounsou': 'Korath', 'John C. Reilly': 'Corpsman Dey', 'Glenn Close': 'Nova Prime', 'Benicio del Toro': 'Taneleer Tivan / The Collector', 'Laura Haddock': 'Meredith Quill', 'Sean Gunn': 'Kraglin / On Set Rocket', 'Peter Serafinowicz': 'Denarian Saal', 'Christopher Fairbank': 'The Broker', 'Wyatt Oleff': 'Young Quill', 'Gregg Henry': 'Grandpa', 'Melia Kreiling': 'Bereet', 'Stan Lee': ""Xandarian Ladies' Man"", 'Nicole Alexandra Shipley': 'Pretty Xandarian', 'Sharif Atkins': 'Nova Arresting Pilot', 'Brendan Fehr': ""Corpsman Dey's Partner"", 'Tomas Arana': 'Kree Ambassador', 'Mikaela Hoover': ""Nova Prime's Assistant"", 'Emmett Scanlan': 'Head Riot Guard', 'Spencer Wilding': 'Mean Guard', 'Alison Lintott': 'Sad Woman with Horns', 'Alexis Rodney': 'Moloka Dar', 'Nathan Fillion': 'Monstrous Inmate', 'Keeley Forsyth': 'Mottled Prisoner', 'Alexis Denisof': 'The Other', 'Enzo Cilenti': 'Watchtower Guard', 'Ene Frost': 'Rifle Guard', 'Ronan Summers': '""Drop the Leg"" Guard', 'Ophelia Lovibond': 'Carina', 'Laura Ortiz': 'Tortured Pink Girl', 'Marama Corlett': 'Pit Boss', 'Alex Rose': 'Lady of the Boot of Jemiah', 'Stephen Blackehart': 'Knowhere Dispatcher', 'Ralph Ineson': 'Ravager Pilot', 'Rob Zombie': 'Ravager Navigator (voice)', 'John Brotherton': 'Nova Starblaster Pilot', 'Graham Shiels': 'Alien Nova Pilot', 'James Gunn': 'Maskless Sakaaran', 'Josh Brolin': 'Thanos (uncredited)', 'Lloyd Kaufman': 'Prisoner (uncredited)', 'Seth Green': 'Howard the Duck (voice) (uncredited)'}",['James Gunn'],['Marvel Studios'],170000000,772776600
32,Ant-Man and the Wasp,tt5095030,"{'Paul Rudd': 'Scott Lang / Ant-Man', 'Evangeline Lilly': 'Hope van Dyne / Wasp', 'Michael Peña': 'Luis', 'Walton Goggins': 'Sonny Burch', 'Bobby Cannavale': 'Paxton', 'Judy Greer': 'Maggie', 'T.I.': 'Dave', 'David Dastmalchian': 'Kurt', 'Hannah John-Kamen': 'Ava Starr / Ghost', 'Abby Ryder Fortson': 'Cassie', 'Randall Park': 'Jimmy Woo', 'Michelle Pfeiffer': 'Janet van Dyne / Wasp', 'Laurence Fishburne': 'Dr. Bill Foster', 'Michael Douglas': 'Dr. Hank Pym', 'Divian Ladwa': 'Uzman', 'Goran Kostić': 'Anitolov', 'Rob Archer': 'Knox', 'Michael Cerveris': 'Elihas Starr', 'Hayley Lovitt': 'Young Janet', 'Madeleine McGraw': 'Young Hope', 'Tim Heidecker': 'Whale Boat Captain Daniel Goobler', 'Stan Lee': 'Shrinking Car Owner', 'Brian Huskey': 'Elementary School Teacher', 'Julia Vera': ""Luis' Abuelita"", 'Ana Maria Quintana': 'Sister Ana Maria', 'Torrey Vogel': ""Burch's Goon"", 'Joshua Mikel': ""Burch's Bodyguard (uncredited)"", 'Chris Gann': 'FBI Agent (uncredited)', 'Denney Pierce': 'Flatbed Truck Driver (uncredited)', 'Vanessa Ross': 'Hot Jogger (uncredited)', 'Benjamin Weaver': 'SF Street Pedestrian (uncredited)'}",['Peyton Reed'],['Marvel Studios'],140000000,622674139
33,Captain America: The Winter Soldier,tt1843866,"{'Chris Evans': 'Steve Rogers / Captain America', 'Scarlett Johansson': 'Natasha Romanoff / Black Widow', 'Sebastian Stan': ""James 'Bucky' Barnes / Winter Soldier"", 'Anthony Mackie': 'Sam Wilson / Falcon', 'Cobie Smulders': 'Maria Hill', 'Frank Grillo': 'Brock Rumlow', 'Emily VanCamp': 'Kate / Agent 13', 'Hayley Atwell': 'Peggy Carter', 'Robert Redford': 'Alexander Pierce', 'Samuel L. Jackson': 'Nick Fury', 'Toby Jones': 'Dr. Arnim Zola', 'Jenny Agutter': 'Councilwoman Hawley', 'Maximiliano Hernández': 'Jasper Sitwell', 'Georges St-Pierre': 'Georges Batroc', 'Callan Mulvey': 'Jack Rollins', 'Alan Dale': 'Councilman Rockwell', 'Chin Han': 'Councilman Yen', 'Bernard White': 'Councilman Singh', 'Stan Lee': 'Smithsonian Guard', 'Garry Shandling': 'Senator Stern', 'Salvator Xuereb': 'French Pirate #1', 'Brian Duffy': 'French Pirate #2', 'Zack Duhame': 'Engine Pirate', ""Adetokumboh M'Cormack"": 'French Radio Pirate', 'Aaron Himelstein': 'Launch Tech #1', 'Joe Russo': 'Dr. Fine', 'Christopher Markus': 'SHIELD Interrogator #1', 'Stephen McFeely': 'SHIELD Interrogator #2', 'Pat Healy': 'Scientist #1', 'Danny Pudi': 'Com Tech #1', 'Branka Katić': 'Renata', 'Jon Sklaroff': 'Charlie XO', 'Chad Todhunter': 'Charlie Weapons Tech', 'Abigail Marlowe': 'SHIELD Tech', 'Jeremy Maxwell': 'Lead SHIELD Pilot', 'Emerson Brooks': 'Senior SHIELD Agent', 'Evan Parke': 'SHIELD Agent', 'Steven Culp': 'Scudder', 'Wendy Hoopes': 'Doctor', 'Ethan Rains': 'Lead EMT', 'Dominic Rains': 'CIA Instructor', 'Robert Clotworthy': 'Fury Car Voice (voice)', 'June Christopher': 'SHIELD Computer (voice)', 'Gary Sinise': 'The Smithsonian Narrator (voice)', 'Henry Goodman': 'Dr. List (uncredited)', 'Thomas Kretschmann': 'Baron Wolfgang von Strucker (uncredited)', 'Elizabeth Olsen': 'Wanda Maximoff / Scarlet Witch (uncredited)', 'Nestor Serrano': 'Committee General (uncredited)', 'Aaron Taylor-Johnson': 'Pietro Maximoff / Quicksilver (uncredited)', 'Joss Whedon': 'Man on escalator in museum (uncredited)'}","['Anthony Russo', 'Joe Russo']",['Marvel Studios'],170000000,714766572
